Var1, Var2, Var3, Var4, Var5, Var6, Var7, Var8, Var9, Var10, Var11, Var12, Var13, Var14, Var15, Var16, Var17, Var18, Obj1, Obj2, Constr1, Constr2
20.349839, 182.840892, 212.206993, 58.102686, 7.773781, 112.411644, 0.230002, 96.439441, 177.244867, 182.179775, 218.796552, 214.908391, 235.531206, 111.256598, 58.319632, 73.457402, 85.737982, 178.285466, 224516732.397618, 114.991461, 0.000000, 40.565530
20.349839, 182.840892, 212.206993, 58.102686, 7.773781, 112.411644, 0.230002, 96.439441, 177.244867, 182.179775, 237.207308, 214.908391, 235.531206, 111.256598, 58.319632, 73.457402, 85.737982, 178.285466, 191806210.006179, 114.992009, 0.000000, 40.566078
