Var1, Var2, Var3, Var4, Var5, Var6, Var7, Var8, Var9, Var10, Var11, Var12, Var13, Var14, Var15, Var16, Var17, Var18, Obj1, Obj2, Constr1, Constr2
20.349839, 182.840892, 212.206993, 58.102686, 7.773781, 112.411644, 0.230002, 96.439441, 177.244867, 182.179775, 237.207308, 214.908391, 235.531206, 111.256598, 58.319632, 73.457402, 85.737982, 178.285466, 0.000000, 114.992209, 0.000000, 40.566277
194.383422, 108.741151, 196.452846, 159.116579, 45.090002, 246.991821, 200.721521, 20.133415, 159.497521, 32.893408, 250.608247, 39.758262, 101.179832, 172.207144, 131.763671, 100.762326, 56.408152, 33.215168, 224516315.806285, 121.996904, 0.000000, 47.570973
