Var1, Var2, Var3, Var4, Var5, Var6, Var7, Var8, Var9, Var10, Var11, Var12, Obj1, Obj2, Obj3
0.000102, 0.000001, 0.500095, 0.500059, 0.500007, 0.499992, 0.499943, 0.499930, 0.500892, 0.500132, 0.500003, 0.500042, 1.000001, 0.000000, 0.000000
