Var1, Var2, Var3, Var4, Var5, Var6, Var7, Var8, Var9, Var10, Var11, Var12, Obj1, Obj2, Obj3
0.000000, 0.000207, 0.499975, 0.500168, 0.499959, 0.500386, 0.500046, 0.500362, 0.499967, 0.500110, 0.500306, 0.500306, 1.000001, 0.000000, 0.000000
