Var1, Var2, Var3, Var4, Var5, Var6, Var7, Var8, Var9, Var10, Var11, Var12, Obj1, Obj2, Obj3
0.000521, 0.000385, 0.499797, 0.500015, 0.499962, 0.500067, 0.499971, 0.499883, 0.500267, 0.499908, 0.499918, 0.499940, 1.000000, 0.000000, 0.000000
