Var1, Var2, Var3, Var4, Var5, Var6, Var7, Var8, Var9, Var10, Var11, Var12, Obj1, Obj2, Obj3
0.000095, 0.000268, 0.500010, 0.500007, 0.500017, 0.500189, 0.499899, 0.499886, 0.499961, 0.500131, 0.500130, 0.499996, 1.000000, 0.000000, 0.000000
